Sample_Name,Seq_ID
A01.fastq.gz,PN1_SID1.fastq.gz
A02.fastq.gz,PN1_SID2.fastq.gz
A03.fastq.gz,PN1_SID3.fastq.gz
A04.fastq.gz,PN1_SID4.fastq.gz
A05.fastq.gz,PN1_SID5.fastq.gz
A06.fastq.gz,PN1_SID6.fastq.gz
A07.fastq.gz,PN1_SID7.fastq.gz
A08.fastq.gz,PN1_SID8.fastq.gz
A09.fastq.gz,PN1_SID9.fastq.gz
A10.fastq.gz,PN1_SID10.fastq.gz
A11.fastq.gz,PN1_SID11.fastq.gz
A12.fastq.gz,PN1_SID12.fastq.gz
B01.fastq.gz,PN1_SID13.fastq.gz
B02.fastq.gz,PN1_SID14.fastq.gz
B03.fastq.gz,PN1_SID15.fastq.gz
B04.fastq.gz,PN1_SID16.fastq.gz
B05.fastq.gz,PN1_SID17.fastq.gz
B06.fastq.gz,PN1_SID18.fastq.gz
B07.fastq.gz,PN1_SID19.fastq.gz
B08.fastq.gz,PN1_SID20.fastq.gz
B09.fastq.gz,PN1_SID21.fastq.gz
B10.fastq.gz,PN1_SID22.fastq.gz
B11.fastq.gz,PN1_SID23.fastq.gz
B12.fastq.gz,PN1_SID24.fastq.gz
C01.fastq.gz,PN1_SID25.fastq.gz
C02.fastq.gz,PN1_SID26.fastq.gz
C03.fastq.gz,PN1_SID27.fastq.gz
C04.fastq.gz,PN1_SID28.fastq.gz
C05.fastq.gz,PN1_SID29.fastq.gz
C06.fastq.gz,PN1_SID30.fastq.gz
C07.fastq.gz,PN1_SID31.fastq.gz
C08.fastq.gz,PN1_SID32.fastq.gz
C09.fastq.gz,PN1_SID33.fastq.gz
C10.fastq.gz,PN1_SID34.fastq.gz
C11.fastq.gz,PN1_SID35.fastq.gz
C12.fastq.gz,PN1_SID36.fastq.gz
D01.fastq.gz,PN1_SID37.fastq.gz
D02.fastq.gz,PN1_SID38.fastq.gz
D03.fastq.gz,PN1_SID39.fastq.gz
D04.fastq.gz,PN1_SID40.fastq.gz
D05.fastq.gz,PN1_SID41.fastq.gz
D06.fastq.gz,PN1_SID42.fastq.gz
D07.fastq.gz,PN1_SID43.fastq.gz
D08.fastq.gz,PN1_SID44.fastq.gz
D09.fastq.gz,PN1_SID45.fastq.gz
D10.fastq.gz,PN1_SID46.fastq.gz
D11.fastq.gz,PN1_SID47.fastq.gz
D12.fastq.gz,PN1_SID48.fastq.gz
E01.fastq.gz,PN1_SID49.fastq.gz
E02.fastq.gz,PN1_SID50.fastq.gz
E03.fastq.gz,PN1_SID51.fastq.gz
E04.fastq.gz,PN1_SID52.fastq.gz
E05.fastq.gz,PN1_SID53.fastq.gz
E06.fastq.gz,PN1_SID54.fastq.gz
E07.fastq.gz,PN1_SID55.fastq.gz
E08.fastq.gz,PN1_SID56.fastq.gz
E09.fastq.gz,PN1_SID57.fastq.gz
E10.fastq.gz,PN1_SID58.fastq.gz
E11.fastq.gz,PN1_SID59.fastq.gz
E12.fastq.gz,PN1_SID60.fastq.gz
F01.fastq.gz,PN1_SID61.fastq.gz
F02.fastq.gz,PN1_SID62.fastq.gz
F03.fastq.gz,PN1_SID63.fastq.gz
F04.fastq.gz,PN1_SID64.fastq.gz
F05.fastq.gz,PN1_SID65.fastq.gz
F06.fastq.gz,PN1_SID66.fastq.gz
F07.fastq.gz,PN1_SID67.fastq.gz
F08.fastq.gz,PN1_SID68.fastq.gz
F09.fastq.gz,PN1_SID69.fastq.gz
F10.fastq.gz,PN1_SID70.fastq.gz
F11.fastq.gz,PN1_SID71.fastq.gz
F12.fastq.gz,PN1_SID72.fastq.gz
G01.fastq.gz,PN1_SID73.fastq.gz
G02.fastq.gz,PN1_SID74.fastq.gz
G03.fastq.gz,PN1_SID75.fastq.gz
G04.fastq.gz,PN1_SID76.fastq.gz
G05.fastq.gz,PN1_SID77.fastq.gz
G06.fastq.gz,PN1_SID78.fastq.gz
G07.fastq.gz,PN1_SID79.fastq.gz
G08.fastq.gz,PN1_SID80.fastq.gz
G09.fastq.gz,PN1_SID81.fastq.gz
G10.fastq.gz,PN1_SID82.fastq.gz
G11.fastq.gz,PN1_SID83.fastq.gz
G12.fastq.gz,PN1_SID84.fastq.gz
H01.fastq.gz,PN1_SID85.fastq.gz
H02.fastq.gz,PN1_SID86.fastq.gz
H03.fastq.gz,PN1_SID87.fastq.gz
H04.fastq.gz,PN1_SID88.fastq.gz
H05.fastq.gz,PN1_SID89.fastq.gz
H06.fastq.gz,PN1_SID90.fastq.gz
H07.fastq.gz,PN1_SID91.fastq.gz
H08.fastq.gz,PN1_SID92.fastq.gz
H09.fastq.gz,PN1_SID93.fastq.gz
H10.fastq.gz,PN1_SID94.fastq.gz
H11.fastq.gz,PN1_SID95.fastq.gz
H12.fastq.gz,PN1_SID96.fastq.gz
A01.fastq.gz,PN2_SID97.fastq.gz
A02.fastq.gz,PN2_SID98.fastq.gz
A03.fastq.gz,PN2_SID99.fastq.gz
A04.fastq.gz,PN2_SID100.fastq.gz
A05.fastq.gz,PN2_SID101.fastq.gz
A06.fastq.gz,PN2_SID102.fastq.gz
A07.fastq.gz,PN2_SID103.fastq.gz
A08.fastq.gz,PN2_SID104.fastq.gz
A09.fastq.gz,PN2_SID105.fastq.gz
A10.fastq.gz,PN2_SID106.fastq.gz
A11.fastq.gz,PN2_SID107.fastq.gz
A12.fastq.gz,PN2_SID108.fastq.gz
B01.fastq.gz,PN2_SID109.fastq.gz
B02.fastq.gz,PN2_SID110.fastq.gz
B03.fastq.gz,PN2_SID111.fastq.gz
B04.fastq.gz,PN2_SID112.fastq.gz
B05.fastq.gz,PN2_SID113.fastq.gz
B06.fastq.gz,PN2_SID114.fastq.gz
B07.fastq.gz,PN2_SID115.fastq.gz
B08.fastq.gz,PN2_SID116.fastq.gz
B09.fastq.gz,PN2_SID117.fastq.gz
B10.fastq.gz,PN2_SID118.fastq.gz
B11.fastq.gz,PN2_SID119.fastq.gz
B12.fastq.gz,PN2_SID120.fastq.gz
C01.fastq.gz,PN2_SID121.fastq.gz
C02.fastq.gz,PN2_SID122.fastq.gz
C03.fastq.gz,PN2_SID123.fastq.gz
C04.fastq.gz,PN2_SID124.fastq.gz
C05.fastq.gz,PN2_SID125.fastq.gz
C06.fastq.gz,PN2_SID126.fastq.gz
C07.fastq.gz,PN2_SID127.fastq.gz
C08.fastq.gz,PN2_SID128.fastq.gz
C09.fastq.gz,PN2_SID129.fastq.gz
C10.fastq.gz,PN2_SID130.fastq.gz
C11.fastq.gz,PN2_SID131.fastq.gz
C12.fastq.gz,PN2_SID132.fastq.gz
D01.fastq.gz,PN2_SID133.fastq.gz
D02.fastq.gz,PN2_SID134.fastq.gz
D03.fastq.gz,PN2_SID135.fastq.gz
D04.fastq.gz,PN2_SID136.fastq.gz
D05.fastq.gz,PN2_SID137.fastq.gz
D06.fastq.gz,PN2_SID138.fastq.gz
D07.fastq.gz,PN2_SID139.fastq.gz
D08.fastq.gz,PN2_SID140.fastq.gz
D09.fastq.gz,PN2_SID141.fastq.gz
D10.fastq.gz,PN2_SID142.fastq.gz
D11.fastq.gz,PN2_SID143.fastq.gz
D12.fastq.gz,PN2_SID144.fastq.gz
E01.fastq.gz,PN2_SID145.fastq.gz
E02.fastq.gz,PN2_SID146.fastq.gz
E03.fastq.gz,PN2_SID147.fastq.gz
E04.fastq.gz,PN2_SID148.fastq.gz
E05.fastq.gz,PN2_SID149.fastq.gz
E06.fastq.gz,PN2_SID150.fastq.gz
E07.fastq.gz,PN2_SID151.fastq.gz
E08.fastq.gz,PN2_SID152.fastq.gz
E09.fastq.gz,PN2_SID153.fastq.gz
E10.fastq.gz,PN2_SID154.fastq.gz
E11.fastq.gz,PN2_SID155.fastq.gz
E12.fastq.gz,PN2_SID156.fastq.gz
F01.fastq.gz,PN2_SID157.fastq.gz
F02.fastq.gz,PN2_SID158.fastq.gz
F03.fastq.gz,PN2_SID159.fastq.gz
F04.fastq.gz,PN2_SID160.fastq.gz
F05.fastq.gz,PN2_SID161.fastq.gz
F06.fastq.gz,PN2_SID162.fastq.gz
F07.fastq.gz,PN2_SID163.fastq.gz
F08.fastq.gz,PN2_SID164.fastq.gz
F09.fastq.gz,PN2_SID165.fastq.gz
F10.fastq.gz,PN2_SID166.fastq.gz
F11.fastq.gz,PN2_SID167.fastq.gz
F12.fastq.gz,PN2_SID168.fastq.gz
G01.fastq.gz,PN2_SID169.fastq.gz
G02.fastq.gz,PN2_SID170.fastq.gz
G03.fastq.gz,PN2_SID171.fastq.gz
G04.fastq.gz,PN2_SID172.fastq.gz
G05.fastq.gz,PN2_SID173.fastq.gz
G06.fastq.gz,PN2_SID174.fastq.gz
G07.fastq.gz,PN2_SID175.fastq.gz
G08.fastq.gz,PN2_SID176.fastq.gz
G09.fastq.gz,PN2_SID177.fastq.gz
G10.fastq.gz,PN2_SID178.fastq.gz
G11.fastq.gz,PN2_SID179.fastq.gz
G12.fastq.gz,PN2_SID180.fastq.gz
H01.fastq.gz,PN2_SID181.fastq.gz
H02.fastq.gz,PN2_SID182.fastq.gz
H03.fastq.gz,PN2_SID183.fastq.gz
H04.fastq.gz,PN2_SID184.fastq.gz
H05.fastq.gz,PN2_SID185.fastq.gz
H06.fastq.gz,PN2_SID186.fastq.gz
H07.fastq.gz,PN2_SID187.fastq.gz
H08.fastq.gz,PN2_SID188.fastq.gz
H09.fastq.gz,PN2_SID189.fastq.gz
H10.fastq.gz,PN2_SID190.fastq.gz
H11.fastq.gz,PN2_SID191.fastq.gz
H12.fastq.gz,PN2_SID192.fastq.gz
A01.fastq.gz,PN3_SID193.fastq.gz
A02.fastq.gz,PN3_SID194.fastq.gz
A03.fastq.gz,PN3_SID195.fastq.gz
A04.fastq.gz,PN3_SID196.fastq.gz
A05.fastq.gz,PN3_SID197.fastq.gz
A06.fastq.gz,PN3_SID198.fastq.gz
A07.fastq.gz,PN3_SID199.fastq.gz
A08.fastq.gz,PN3_SID200.fastq.gz
A09.fastq.gz,PN3_SID201.fastq.gz
A10.fastq.gz,PN3_SID202.fastq.gz
A11.fastq.gz,PN3_SID203.fastq.gz
A12.fastq.gz,PN3_SID204.fastq.gz
B01.fastq.gz,PN3_SID205.fastq.gz
B02.fastq.gz,PN3_SID206.fastq.gz
B03.fastq.gz,PN3_SID207.fastq.gz
B04.fastq.gz,PN3_SID208.fastq.gz
B05.fastq.gz,PN3_SID209.fastq.gz
B06.fastq.gz,PN3_SID210.fastq.gz
B07.fastq.gz,PN3_SID211.fastq.gz
B08.fastq.gz,PN3_SID212.fastq.gz
B09.fastq.gz,PN3_SID213.fastq.gz
B10.fastq.gz,PN3_SID214.fastq.gz
B11.fastq.gz,PN3_SID215.fastq.gz
B12.fastq.gz,PN3_SID216.fastq.gz
C01.fastq.gz,PN3_SID217.fastq.gz
C02.fastq.gz,PN3_SID218.fastq.gz
C03.fastq.gz,PN3_SID219.fastq.gz
C04.fastq.gz,PN3_SID220.fastq.gz
C05.fastq.gz,PN3_SID221.fastq.gz
C06.fastq.gz,PN3_SID222.fastq.gz
C07.fastq.gz,PN3_SID223.fastq.gz
C08.fastq.gz,PN3_SID224.fastq.gz
C09.fastq.gz,PN3_SID225.fastq.gz
C10.fastq.gz,PN3_SID226.fastq.gz
C11.fastq.gz,PN3_SID227.fastq.gz
C12.fastq.gz,PN3_SID228.fastq.gz
D01.fastq.gz,PN3_SID229.fastq.gz
D02.fastq.gz,PN3_SID230.fastq.gz
D03.fastq.gz,PN3_SID231.fastq.gz
D04.fastq.gz,PN3_SID232.fastq.gz
D05.fastq.gz,PN3_SID233.fastq.gz
D06.fastq.gz,PN3_SID234.fastq.gz
D07.fastq.gz,PN3_SID235.fastq.gz
D08.fastq.gz,PN3_SID236.fastq.gz
D09.fastq.gz,PN3_SID237.fastq.gz
D10.fastq.gz,PN3_SID238.fastq.gz
D11.fastq.gz,PN3_SID239.fastq.gz
D12.fastq.gz,PN3_SID240.fastq.gz
E01.fastq.gz,PN3_SID241.fastq.gz
E02.fastq.gz,PN3_SID242.fastq.gz
E03.fastq.gz,PN3_SID243.fastq.gz
E04.fastq.gz,PN3_SID244.fastq.gz
E05.fastq.gz,PN3_SID245.fastq.gz
E06.fastq.gz,PN3_SID246.fastq.gz
E07.fastq.gz,PN3_SID247.fastq.gz
E08.fastq.gz,PN3_SID248.fastq.gz
E09.fastq.gz,PN3_SID249.fastq.gz
E10.fastq.gz,PN3_SID250.fastq.gz
E11.fastq.gz,PN3_SID251.fastq.gz
E12.fastq.gz,PN3_SID252.fastq.gz
F01.fastq.gz,PN3_SID253.fastq.gz
F02.fastq.gz,PN3_SID254.fastq.gz
F03.fastq.gz,PN3_SID255.fastq.gz
F04.fastq.gz,PN3_SID256.fastq.gz
F05.fastq.gz,PN3_SID257.fastq.gz
F06.fastq.gz,PN3_SID258.fastq.gz
F07.fastq.gz,PN3_SID259.fastq.gz
F08.fastq.gz,PN3_SID260.fastq.gz
F09.fastq.gz,PN3_SID261.fastq.gz
F10.fastq.gz,PN3_SID262.fastq.gz
F11.fastq.gz,PN3_SID263.fastq.gz
F12.fastq.gz,PN3_SID264.fastq.gz
G01.fastq.gz,PN3_SID265.fastq.gz
G02.fastq.gz,PN3_SID266.fastq.gz
G03.fastq.gz,PN3_SID267.fastq.gz
G04.fastq.gz,PN3_SID268.fastq.gz
G05.fastq.gz,PN3_SID269.fastq.gz
G06.fastq.gz,PN3_SID270.fastq.gz
G07.fastq.gz,PN3_SID271.fastq.gz
G08.fastq.gz,PN3_SID272.fastq.gz
G09.fastq.gz,PN3_SID273.fastq.gz
G10.fastq.gz,PN3_SID274.fastq.gz
G11.fastq.gz,PN3_SID275.fastq.gz
G12.fastq.gz,PN3_SID276.fastq.gz
H01.fastq.gz,PN3_SID277.fastq.gz
H02.fastq.gz,PN3_SID278.fastq.gz
H03.fastq.gz,PN3_SID279.fastq.gz
H04.fastq.gz,PN3_SID280.fastq.gz
H05.fastq.gz,PN3_SID281.fastq.gz
H06.fastq.gz,PN3_SID282.fastq.gz
H07.fastq.gz,PN3_SID283.fastq.gz
H08.fastq.gz,PN3_SID284.fastq.gz
H09.fastq.gz,PN3_SID285.fastq.gz
H10.fastq.gz,PN3_SID286.fastq.gz
H11.fastq.gz,PN3_SID287.fastq.gz
H12.fastq.gz,PN3_SID288.fastq.gz
A01.fastq.gz,PN4_SID289.fastq.gz
A02.fastq.gz,PN4_SID290.fastq.gz
A03.fastq.gz,PN4_SID291.fastq.gz
A04.fastq.gz,PN4_SID292.fastq.gz
A05.fastq.gz,PN4_SID293.fastq.gz
A06.fastq.gz,PN4_SID294.fastq.gz
A07.fastq.gz,PN4_SID295.fastq.gz
A08.fastq.gz,PN4_SID296.fastq.gz
A09.fastq.gz,PN4_SID297.fastq.gz
A10.fastq.gz,PN4_SID298.fastq.gz
A11.fastq.gz,PN4_SID299.fastq.gz
A12.fastq.gz,PN4_SID300.fastq.gz
B01.fastq.gz,PN4_SID301.fastq.gz
B02.fastq.gz,PN4_SID302.fastq.gz
B03.fastq.gz,PN4_SID303.fastq.gz
B04.fastq.gz,PN4_SID304.fastq.gz
B05.fastq.gz,PN4_SID305.fastq.gz
B06.fastq.gz,PN4_SID306.fastq.gz
B07.fastq.gz,PN4_SID307.fastq.gz
B08.fastq.gz,PN4_SID308.fastq.gz
B09.fastq.gz,PN4_SID309.fastq.gz
B10.fastq.gz,PN4_SID310.fastq.gz
B11.fastq.gz,PN4_SID311.fastq.gz
B12.fastq.gz,PN4_SID312.fastq.gz
C01.fastq.gz,PN4_SID313.fastq.gz
C02.fastq.gz,PN4_SID314.fastq.gz
C03.fastq.gz,PN4_SID315.fastq.gz
C04.fastq.gz,PN4_SID316.fastq.gz
C05.fastq.gz,PN4_SID317.fastq.gz
C06.fastq.gz,PN4_SID318.fastq.gz
C07.fastq.gz,PN4_SID319.fastq.gz
C08.fastq.gz,PN4_SID320.fastq.gz
C09.fastq.gz,PN4_SID321.fastq.gz
C10.fastq.gz,PN4_SID322.fastq.gz
C11.fastq.gz,PN4_SID323.fastq.gz
C12.fastq.gz,PN4_SID324.fastq.gz
D01.fastq.gz,PN4_SID325.fastq.gz
D02.fastq.gz,PN4_SID326.fastq.gz
D03.fastq.gz,PN4_SID327.fastq.gz
D04.fastq.gz,PN4_SID328.fastq.gz
D05.fastq.gz,PN4_SID329.fastq.gz
D06.fastq.gz,PN4_SID330.fastq.gz
D07.fastq.gz,PN4_SID331.fastq.gz
D08.fastq.gz,PN4_SID332.fastq.gz
D09.fastq.gz,PN4_SID333.fastq.gz
D10.fastq.gz,PN4_SID334.fastq.gz
D11.fastq.gz,PN4_SID335.fastq.gz
D12.fastq.gz,PN4_SID336.fastq.gz
E01.fastq.gz,PN4_SID337.fastq.gz
E02.fastq.gz,PN4_SID338.fastq.gz
E03.fastq.gz,PN4_SID339.fastq.gz
E04.fastq.gz,PN4_SID340.fastq.gz
E05.fastq.gz,PN4_SID341.fastq.gz
E06.fastq.gz,PN4_SID342.fastq.gz
E07.fastq.gz,PN4_SID343.fastq.gz
E08.fastq.gz,PN4_SID344.fastq.gz
E09.fastq.gz,PN4_SID345.fastq.gz
E10.fastq.gz,PN4_SID346.fastq.gz
E11.fastq.gz,PN4_SID347.fastq.gz
E12.fastq.gz,PN4_SID348.fastq.gz
F01.fastq.gz,PN4_SID349.fastq.gz
F02.fastq.gz,PN4_SID350.fastq.gz
F03.fastq.gz,PN4_SID351.fastq.gz
F04.fastq.gz,PN4_SID352.fastq.gz
F05.fastq.gz,PN4_SID353.fastq.gz
F06.fastq.gz,PN4_SID354.fastq.gz
F07.fastq.gz,PN4_SID355.fastq.gz
F08.fastq.gz,PN4_SID356.fastq.gz
F09.fastq.gz,PN4_SID357.fastq.gz
F10.fastq.gz,PN4_SID358.fastq.gz
F11.fastq.gz,PN4_SID359.fastq.gz
F12.fastq.gz,PN4_SID360.fastq.gz
G01.fastq.gz,PN4_SID361.fastq.gz
G02.fastq.gz,PN4_SID362.fastq.gz
G03.fastq.gz,PN4_SID363.fastq.gz
G04.fastq.gz,PN4_SID364.fastq.gz
G05.fastq.gz,PN4_SID365.fastq.gz
G06.fastq.gz,PN4_SID366.fastq.gz
G07.fastq.gz,PN4_SID367.fastq.gz
G08.fastq.gz,PN4_SID368.fastq.gz
G09.fastq.gz,PN4_SID369.fastq.gz
G10.fastq.gz,PN4_SID370.fastq.gz
G11.fastq.gz,PN4_SID371.fastq.gz
G12.fastq.gz,PN4_SID372.fastq.gz
H01.fastq.gz,PN4_SID373.fastq.gz
H02.fastq.gz,PN4_SID374.fastq.gz
H03.fastq.gz,PN4_SID375.fastq.gz
H04.fastq.gz,PN4_SID376.fastq.gz
H05.fastq.gz,PN4_SID377.fastq.gz
H06.fastq.gz,PN4_SID378.fastq.gz
H07.fastq.gz,PN4_SID379.fastq.gz
H08.fastq.gz,PN4_SID380.fastq.gz
H09.fastq.gz,PN4_SID381.fastq.gz
H10.fastq.gz,PN4_SID382.fastq.gz
H11.fastq.gz,PN4_SID383.fastq.gz
H12.fastq.gz,PN4_SID384.fastq.gz
A01.fastq.gz,PN5_SID385.fastq.gz
A02.fastq.gz,PN5_SID386.fastq.gz
A03.fastq.gz,PN5_SID387.fastq.gz
A04.fastq.gz,PN5_SID388.fastq.gz
A05.fastq.gz,PN5_SID389.fastq.gz
A06.fastq.gz,PN5_SID390.fastq.gz
A07.fastq.gz,PN5_SID391.fastq.gz
A08.fastq.gz,PN5_SID392.fastq.gz
A09.fastq.gz,PN5_SID393.fastq.gz
A10.fastq.gz,PN5_SID394.fastq.gz
A11.fastq.gz,PN5_SID395.fastq.gz
A12.fastq.gz,PN5_SID396.fastq.gz
B01.fastq.gz,PN5_SID397.fastq.gz
B02.fastq.gz,PN5_SID398.fastq.gz
B03.fastq.gz,PN5_SID399.fastq.gz
B04.fastq.gz,PN5_SID400.fastq.gz
B05.fastq.gz,PN5_SID401.fastq.gz
B06.fastq.gz,PN5_SID402.fastq.gz
B07.fastq.gz,PN5_SID403.fastq.gz
B08.fastq.gz,PN5_SID404.fastq.gz
B09.fastq.gz,PN5_SID405.fastq.gz
B10.fastq.gz,PN5_SID406.fastq.gz
B11.fastq.gz,PN5_SID407.fastq.gz
B12.fastq.gz,PN5_SID408.fastq.gz
C01.fastq.gz,PN5_SID409.fastq.gz
C02.fastq.gz,PN5_SID410.fastq.gz
C03.fastq.gz,PN5_SID411.fastq.gz
C04.fastq.gz,PN5_SID412.fastq.gz
C05.fastq.gz,PN5_SID413.fastq.gz
C06.fastq.gz,PN5_SID414.fastq.gz
C07.fastq.gz,PN5_SID415.fastq.gz
C08.fastq.gz,PN5_SID416.fastq.gz
C09.fastq.gz,PN5_SID417.fastq.gz
C10.fastq.gz,PN5_SID418.fastq.gz
C11.fastq.gz,PN5_SID419.fastq.gz
C12.fastq.gz,PN5_SID420.fastq.gz
D01.fastq.gz,PN5_SID421.fastq.gz
D02.fastq.gz,PN5_SID422.fastq.gz
D03.fastq.gz,PN5_SID423.fastq.gz
D04.fastq.gz,PN5_SID424.fastq.gz
D05.fastq.gz,PN5_SID425.fastq.gz
D06.fastq.gz,PN5_SID426.fastq.gz
D07.fastq.gz,PN5_SID427.fastq.gz
D08.fastq.gz,PN5_SID428.fastq.gz
D09.fastq.gz,PN5_SID429.fastq.gz
D10.fastq.gz,PN5_SID430.fastq.gz
D11.fastq.gz,PN5_SID431.fastq.gz
D12.fastq.gz,PN5_SID432.fastq.gz
E01.fastq.gz,PN5_SID433.fastq.gz
E02.fastq.gz,PN5_SID434.fastq.gz
E03.fastq.gz,PN5_SID435.fastq.gz
E04.fastq.gz,PN5_SID436.fastq.gz
E05.fastq.gz,PN5_SID437.fastq.gz
E06.fastq.gz,PN5_SID438.fastq.gz
E07.fastq.gz,PN5_SID439.fastq.gz
E08.fastq.gz,PN5_SID440.fastq.gz
E09.fastq.gz,PN5_SID441.fastq.gz
E10.fastq.gz,PN5_SID442.fastq.gz
E11.fastq.gz,PN5_SID443.fastq.gz
E12.fastq.gz,PN5_SID444.fastq.gz
F01.fastq.gz,PN5_SID445.fastq.gz
F02.fastq.gz,PN5_SID446.fastq.gz
F03.fastq.gz,PN5_SID447.fastq.gz
F04.fastq.gz,PN5_SID448.fastq.gz
F05.fastq.gz,PN5_SID449.fastq.gz
F06.fastq.gz,PN5_SID450.fastq.gz
F07.fastq.gz,PN5_SID451.fastq.gz
F08.fastq.gz,PN5_SID452.fastq.gz
F09.fastq.gz,PN5_SID453.fastq.gz
F10.fastq.gz,PN5_SID454.fastq.gz
F11.fastq.gz,PN5_SID455.fastq.gz
F12.fastq.gz,PN5_SID456.fastq.gz
G01.fastq.gz,PN5_SID457.fastq.gz
G02.fastq.gz,PN5_SID458.fastq.gz
G03.fastq.gz,PN5_SID459.fastq.gz
G04.fastq.gz,PN5_SID460.fastq.gz
G05.fastq.gz,PN5_SID461.fastq.gz
G06.fastq.gz,PN5_SID462.fastq.gz
G07.fastq.gz,PN5_SID463.fastq.gz
G08.fastq.gz,PN5_SID464.fastq.gz
G09.fastq.gz,PN5_SID465.fastq.gz
G10.fastq.gz,PN5_SID466.fastq.gz
G11.fastq.gz,PN5_SID467.fastq.gz
G12.fastq.gz,PN5_SID468.fastq.gz
H01.fastq.gz,PN5_SID469.fastq.gz
H02.fastq.gz,PN5_SID470.fastq.gz
H03.fastq.gz,PN5_SID471.fastq.gz
H04.fastq.gz,PN5_SID472.fastq.gz
H05.fastq.gz,PN5_SID473.fastq.gz
H06.fastq.gz,PN5_SID474.fastq.gz
H07.fastq.gz,PN5_SID475.fastq.gz
H08.fastq.gz,PN5_SID476.fastq.gz
H09.fastq.gz,PN5_SID477.fastq.gz
H10.fastq.gz,PN5_SID478.fastq.gz
H11.fastq.gz,PN5_SID479.fastq.gz
H12.fastq.gz,PN5_SID480.fastq.gz
A01.fastq.gz,PN6_SID481.fastq.gz
A02.fastq.gz,PN6_SID482.fastq.gz
A03.fastq.gz,PN6_SID483.fastq.gz
A04.fastq.gz,PN6_SID484.fastq.gz
A05.fastq.gz,PN6_SID485.fastq.gz
A06.fastq.gz,PN6_SID486.fastq.gz
A07.fastq.gz,PN6_SID487.fastq.gz
A08.fastq.gz,PN6_SID488.fastq.gz
A09.fastq.gz,PN6_SID489.fastq.gz
A10.fastq.gz,PN6_SID490.fastq.gz
A11.fastq.gz,PN6_SID491.fastq.gz
A12.fastq.gz,PN6_SID492.fastq.gz
B01.fastq.gz,PN6_SID493.fastq.gz
B02.fastq.gz,PN6_SID494.fastq.gz
B03.fastq.gz,PN6_SID495.fastq.gz
B04.fastq.gz,PN6_SID496.fastq.gz
B05.fastq.gz,PN6_SID497.fastq.gz
B06.fastq.gz,PN6_SID498.fastq.gz
B07.fastq.gz,PN6_SID499.fastq.gz
B08.fastq.gz,PN6_SID500.fastq.gz
B09.fastq.gz,PN6_SID501.fastq.gz
B10.fastq.gz,PN6_SID502.fastq.gz
B11.fastq.gz,PN6_SID503.fastq.gz
B12.fastq.gz,PN6_SID504.fastq.gz
C01.fastq.gz,PN6_SID505.fastq.gz
C02.fastq.gz,PN6_SID506.fastq.gz
C03.fastq.gz,PN6_SID507.fastq.gz
C04.fastq.gz,PN6_SID508.fastq.gz
C05.fastq.gz,PN6_SID509.fastq.gz
C06.fastq.gz,PN6_SID510.fastq.gz
C07.fastq.gz,PN6_SID511.fastq.gz
C08.fastq.gz,PN6_SID512.fastq.gz
C09.fastq.gz,PN6_SID513.fastq.gz
C10.fastq.gz,PN6_SID514.fastq.gz
C11.fastq.gz,PN6_SID515.fastq.gz
C12.fastq.gz,PN6_SID516.fastq.gz
D01.fastq.gz,PN6_SID517.fastq.gz
D02.fastq.gz,PN6_SID518.fastq.gz
D03.fastq.gz,PN6_SID519.fastq.gz
D04.fastq.gz,PN6_SID520.fastq.gz
D05.fastq.gz,PN6_SID521.fastq.gz
D06.fastq.gz,PN6_SID522.fastq.gz
D07.fastq.gz,PN6_SID523.fastq.gz
D08.fastq.gz,PN6_SID524.fastq.gz
D09.fastq.gz,PN6_SID525.fastq.gz
D10.fastq.gz,PN6_SID526.fastq.gz
D11.fastq.gz,PN6_SID527.fastq.gz
D12.fastq.gz,PN6_SID528.fastq.gz
E01.fastq.gz,PN6_SID529.fastq.gz
E02.fastq.gz,PN6_SID530.fastq.gz
E03.fastq.gz,PN6_SID531.fastq.gz
E04.fastq.gz,PN6_SID532.fastq.gz
E05.fastq.gz,PN6_SID533.fastq.gz
E06.fastq.gz,PN6_SID534.fastq.gz
E07.fastq.gz,PN6_SID535.fastq.gz
E08.fastq.gz,PN6_SID536.fastq.gz
E09.fastq.gz,PN6_SID537.fastq.gz
E10.fastq.gz,PN6_SID538.fastq.gz
E11.fastq.gz,PN6_SID539.fastq.gz
E12.fastq.gz,PN6_SID540.fastq.gz
F01.fastq.gz,PN6_SID541.fastq.gz
F02.fastq.gz,PN6_SID542.fastq.gz
F03.fastq.gz,PN6_SID543.fastq.gz
F04.fastq.gz,PN6_SID544.fastq.gz
F05.fastq.gz,PN6_SID545.fastq.gz
F06.fastq.gz,PN6_SID546.fastq.gz
F07.fastq.gz,PN6_SID547.fastq.gz
F08.fastq.gz,PN6_SID548.fastq.gz
F09.fastq.gz,PN6_SID549.fastq.gz
F10.fastq.gz,PN6_SID550.fastq.gz
F11.fastq.gz,PN6_SID551.fastq.gz
F12.fastq.gz,PN6_SID552.fastq.gz
G01.fastq.gz,PN6_SID553.fastq.gz
G02.fastq.gz,PN6_SID554.fastq.gz
G03.fastq.gz,PN6_SID555.fastq.gz
G04.fastq.gz,PN6_SID556.fastq.gz
G05.fastq.gz,PN6_SID557.fastq.gz
G06.fastq.gz,PN6_SID558.fastq.gz
G07.fastq.gz,PN6_SID559.fastq.gz
G08.fastq.gz,PN6_SID560.fastq.gz
G09.fastq.gz,PN6_SID561.fastq.gz
G10.fastq.gz,PN6_SID562.fastq.gz
G11.fastq.gz,PN6_SID563.fastq.gz
G12.fastq.gz,PN6_SID564.fastq.gz
H01.fastq.gz,PN6_SID565.fastq.gz
H02.fastq.gz,PN6_SID566.fastq.gz
H03.fastq.gz,PN6_SID567.fastq.gz
H04.fastq.gz,PN6_SID568.fastq.gz
H05.fastq.gz,PN6_SID569.fastq.gz
H06.fastq.gz,PN6_SID570.fastq.gz
H07.fastq.gz,PN6_SID571.fastq.gz
H08.fastq.gz,PN6_SID572.fastq.gz
H09.fastq.gz,PN6_SID573.fastq.gz
H10.fastq.gz,PN6_SID574.fastq.gz
H11.fastq.gz,PN6_SID575.fastq.gz
H12.fastq.gz,PN6_SID576.fastq.gz
A01.fastq.gz,PN7_SID577.fastq.gz
A02.fastq.gz,PN7_SID578.fastq.gz
A03.fastq.gz,PN7_SID579.fastq.gz
A04.fastq.gz,PN7_SID580.fastq.gz
A05.fastq.gz,PN7_SID581.fastq.gz
A06.fastq.gz,PN7_SID582.fastq.gz
A07.fastq.gz,PN7_SID583.fastq.gz
A08.fastq.gz,PN7_SID584.fastq.gz
A09.fastq.gz,PN7_SID585.fastq.gz
A10.fastq.gz,PN7_SID586.fastq.gz
A11.fastq.gz,PN7_SID587.fastq.gz
A12.fastq.gz,PN7_SID588.fastq.gz
B01.fastq.gz,PN7_SID589.fastq.gz
B02.fastq.gz,PN7_SID590.fastq.gz
B03.fastq.gz,PN7_SID591.fastq.gz
B04.fastq.gz,PN7_SID592.fastq.gz
B05.fastq.gz,PN7_SID593.fastq.gz
B06.fastq.gz,PN7_SID594.fastq.gz
B07.fastq.gz,PN7_SID595.fastq.gz
B08.fastq.gz,PN7_SID596.fastq.gz
B09.fastq.gz,PN7_SID597.fastq.gz
B10.fastq.gz,PN7_SID598.fastq.gz
B11.fastq.gz,PN7_SID599.fastq.gz
B12.fastq.gz,PN7_SID600.fastq.gz
C01.fastq.gz,PN7_SID601.fastq.gz
C02.fastq.gz,PN7_SID602.fastq.gz
C03.fastq.gz,PN7_SID603.fastq.gz
C04.fastq.gz,PN7_SID604.fastq.gz
C05.fastq.gz,PN7_SID605.fastq.gz
C06.fastq.gz,PN7_SID606.fastq.gz
C07.fastq.gz,PN7_SID607.fastq.gz
C08.fastq.gz,PN7_SID608.fastq.gz
C09.fastq.gz,PN7_SID609.fastq.gz
C10.fastq.gz,PN7_SID610.fastq.gz
C11.fastq.gz,PN7_SID611.fastq.gz
C12.fastq.gz,PN7_SID612.fastq.gz
D01.fastq.gz,PN7_SID613.fastq.gz
D02.fastq.gz,PN7_SID614.fastq.gz
D03.fastq.gz,PN7_SID615.fastq.gz
D04.fastq.gz,PN7_SID616.fastq.gz
D05.fastq.gz,PN7_SID617.fastq.gz
D06.fastq.gz,PN7_SID618.fastq.gz
D07.fastq.gz,PN7_SID619.fastq.gz
D08.fastq.gz,PN7_SID620.fastq.gz
D09.fastq.gz,PN7_SID621.fastq.gz
D10.fastq.gz,PN7_SID622.fastq.gz
D11.fastq.gz,PN7_SID623.fastq.gz
D12.fastq.gz,PN7_SID624.fastq.gz
E01.fastq.gz,PN7_SID625.fastq.gz
E02.fastq.gz,PN7_SID626.fastq.gz
E03.fastq.gz,PN7_SID627.fastq.gz
E04.fastq.gz,PN7_SID628.fastq.gz
E05.fastq.gz,PN7_SID629.fastq.gz
E06.fastq.gz,PN7_SID630.fastq.gz
E07.fastq.gz,PN7_SID631.fastq.gz
E08.fastq.gz,PN7_SID632.fastq.gz
E09.fastq.gz,PN7_SID633.fastq.gz
E10.fastq.gz,PN7_SID634.fastq.gz
E11.fastq.gz,PN7_SID635.fastq.gz
E12.fastq.gz,PN7_SID636.fastq.gz
F01.fastq.gz,PN7_SID637.fastq.gz
F02.fastq.gz,PN7_SID638.fastq.gz
F03.fastq.gz,PN7_SID639.fastq.gz
F04.fastq.gz,PN7_SID640.fastq.gz
F05.fastq.gz,PN7_SID641.fastq.gz
F06.fastq.gz,PN7_SID642.fastq.gz
F07.fastq.gz,PN7_SID643.fastq.gz
F08.fastq.gz,PN7_SID644.fastq.gz
F09.fastq.gz,PN7_SID645.fastq.gz
F10.fastq.gz,PN7_SID646.fastq.gz
F11.fastq.gz,PN7_SID647.fastq.gz
F12.fastq.gz,PN7_SID648.fastq.gz
G01.fastq.gz,PN7_SID649.fastq.gz
G02.fastq.gz,PN7_SID650.fastq.gz
G03.fastq.gz,PN7_SID651.fastq.gz
G04.fastq.gz,PN7_SID652.fastq.gz
G05.fastq.gz,PN7_SID653.fastq.gz
G06.fastq.gz,PN7_SID654.fastq.gz
G07.fastq.gz,PN7_SID655.fastq.gz
G08.fastq.gz,PN7_SID656.fastq.gz
G09.fastq.gz,PN7_SID657.fastq.gz
G10.fastq.gz,PN7_SID658.fastq.gz
G11.fastq.gz,PN7_SID659.fastq.gz
G12.fastq.gz,PN7_SID660.fastq.gz
H01.fastq.gz,PN7_SID661.fastq.gz
H02.fastq.gz,PN7_SID662.fastq.gz
H03.fastq.gz,PN7_SID663.fastq.gz
H04.fastq.gz,PN7_SID664.fastq.gz
H05.fastq.gz,PN7_SID665.fastq.gz
H06.fastq.gz,PN7_SID666.fastq.gz
H07.fastq.gz,PN7_SID667.fastq.gz
H08.fastq.gz,PN7_SID668.fastq.gz
H09.fastq.gz,PN7_SID669.fastq.gz
H10.fastq.gz,PN7_SID670.fastq.gz
H11.fastq.gz,PN7_SID671.fastq.gz
H12.fastq.gz,PN7_SID672.fastq.gz
A01.fastq.gz,PN8_SID673.fastq.gz
A02.fastq.gz,PN8_SID674.fastq.gz
A03.fastq.gz,PN8_SID675.fastq.gz
A04.fastq.gz,PN8_SID676.fastq.gz
A05.fastq.gz,PN8_SID677.fastq.gz
A06.fastq.gz,PN8_SID678.fastq.gz
A07.fastq.gz,PN8_SID679.fastq.gz
A08.fastq.gz,PN8_SID680.fastq.gz
A09.fastq.gz,PN8_SID681.fastq.gz
A10.fastq.gz,PN8_SID682.fastq.gz
A11.fastq.gz,PN8_SID683.fastq.gz
A12.fastq.gz,PN8_SID684.fastq.gz
B01.fastq.gz,PN8_SID685.fastq.gz
B02.fastq.gz,PN8_SID686.fastq.gz
B03.fastq.gz,PN8_SID687.fastq.gz
B04.fastq.gz,PN8_SID688.fastq.gz
B05.fastq.gz,PN8_SID689.fastq.gz
B06.fastq.gz,PN8_SID690.fastq.gz
B07.fastq.gz,PN8_SID691.fastq.gz
B08.fastq.gz,PN8_SID692.fastq.gz
B09.fastq.gz,PN8_SID693.fastq.gz
B10.fastq.gz,PN8_SID694.fastq.gz
B11.fastq.gz,PN8_SID695.fastq.gz
B12.fastq.gz,PN8_SID696.fastq.gz
C01.fastq.gz,PN8_SID697.fastq.gz
C02.fastq.gz,PN8_SID698.fastq.gz
C03.fastq.gz,PN8_SID699.fastq.gz
C04.fastq.gz,PN8_SID700.fastq.gz
C05.fastq.gz,PN8_SID701.fastq.gz
C06.fastq.gz,PN8_SID702.fastq.gz
C07.fastq.gz,PN8_SID703.fastq.gz
C08.fastq.gz,PN8_SID704.fastq.gz
C09.fastq.gz,PN8_SID705.fastq.gz
C10.fastq.gz,PN8_SID706.fastq.gz
C11.fastq.gz,PN8_SID707.fastq.gz
C12.fastq.gz,PN8_SID708.fastq.gz
D01.fastq.gz,PN8_SID709.fastq.gz
D02.fastq.gz,PN8_SID710.fastq.gz
D03.fastq.gz,PN8_SID711.fastq.gz
D04.fastq.gz,PN8_SID712.fastq.gz
D05.fastq.gz,PN8_SID713.fastq.gz
D06.fastq.gz,PN8_SID714.fastq.gz
D07.fastq.gz,PN8_SID715.fastq.gz
D08.fastq.gz,PN8_SID716.fastq.gz
D09.fastq.gz,PN8_SID717.fastq.gz
D10.fastq.gz,PN8_SID718.fastq.gz
D11.fastq.gz,PN8_SID719.fastq.gz
D12.fastq.gz,PN8_SID720.fastq.gz
E01.fastq.gz,PN8_SID721.fastq.gz
E02.fastq.gz,PN8_SID722.fastq.gz
E03.fastq.gz,PN8_SID723.fastq.gz
E04.fastq.gz,PN8_SID724.fastq.gz
E05.fastq.gz,PN8_SID725.fastq.gz
E06.fastq.gz,PN8_SID726.fastq.gz
E07.fastq.gz,PN8_SID727.fastq.gz
E08.fastq.gz,PN8_SID728.fastq.gz
E09.fastq.gz,PN8_SID729.fastq.gz
E10.fastq.gz,PN8_SID730.fastq.gz
E11.fastq.gz,PN8_SID731.fastq.gz
E12.fastq.gz,PN8_SID732.fastq.gz
F01.fastq.gz,PN8_SID733.fastq.gz
F02.fastq.gz,PN8_SID734.fastq.gz
F03.fastq.gz,PN8_SID735.fastq.gz
F04.fastq.gz,PN8_SID736.fastq.gz
F05.fastq.gz,PN8_SID737.fastq.gz
F06.fastq.gz,PN8_SID738.fastq.gz
F07.fastq.gz,PN8_SID739.fastq.gz
F08.fastq.gz,PN8_SID740.fastq.gz
F09.fastq.gz,PN8_SID741.fastq.gz
F10.fastq.gz,PN8_SID742.fastq.gz
F11.fastq.gz,PN8_SID743.fastq.gz
F12.fastq.gz,PN8_SID744.fastq.gz
G01.fastq.gz,PN8_SID745.fastq.gz
G02.fastq.gz,PN8_SID746.fastq.gz
G03.fastq.gz,PN8_SID747.fastq.gz
G04.fastq.gz,PN8_SID748.fastq.gz
G05.fastq.gz,PN8_SID749.fastq.gz
G06.fastq.gz,PN8_SID750.fastq.gz
G07.fastq.gz,PN8_SID751.fastq.gz
G08.fastq.gz,PN8_SID752.fastq.gz
G09.fastq.gz,PN8_SID753.fastq.gz
G10.fastq.gz,PN8_SID754.fastq.gz
G11.fastq.gz,PN8_SID755.fastq.gz
G12.fastq.gz,PN8_SID756.fastq.gz
H01.fastq.gz,PN8_SID757.fastq.gz
H02.fastq.gz,PN8_SID758.fastq.gz
H03.fastq.gz,PN8_SID759.fastq.gz
H04.fastq.gz,PN8_SID760.fastq.gz
H05.fastq.gz,PN8_SID761.fastq.gz
H06.fastq.gz,PN8_SID762.fastq.gz
H07.fastq.gz,PN8_SID763.fastq.gz
H08.fastq.gz,PN8_SID764.fastq.gz
H09.fastq.gz,PN8_SID765.fastq.gz
H10.fastq.gz,PN8_SID766.fastq.gz
H11.fastq.gz,PN8_SID767.fastq.gz
H12.fastq.gz,PN8_SID768.fastq.gz
A01.fastq.gz,PN9_SID769.fastq.gz
A02.fastq.gz,PN9_SID770.fastq.gz
A03.fastq.gz,PN9_SID771.fastq.gz
A04.fastq.gz,PN9_SID772.fastq.gz
A05.fastq.gz,PN9_SID773.fastq.gz
A06.fastq.gz,PN9_SID774.fastq.gz
A07.fastq.gz,PN9_SID775.fastq.gz
A08.fastq.gz,PN9_SID776.fastq.gz
A09.fastq.gz,PN9_SID777.fastq.gz
A10.fastq.gz,PN9_SID778.fastq.gz
A11.fastq.gz,PN9_SID779.fastq.gz
A12.fastq.gz,PN9_SID780.fastq.gz
B01.fastq.gz,PN9_SID781.fastq.gz
B02.fastq.gz,PN9_SID782.fastq.gz
B03.fastq.gz,PN9_SID783.fastq.gz
B04.fastq.gz,PN9_SID784.fastq.gz
B05.fastq.gz,PN9_SID785.fastq.gz
B06.fastq.gz,PN9_SID786.fastq.gz
B07.fastq.gz,PN9_SID787.fastq.gz
B08.fastq.gz,PN9_SID788.fastq.gz
B09.fastq.gz,PN9_SID789.fastq.gz
B10.fastq.gz,PN9_SID790.fastq.gz
B11.fastq.gz,PN9_SID791.fastq.gz
B12.fastq.gz,PN9_SID792.fastq.gz
C01.fastq.gz,PN9_SID793.fastq.gz
C02.fastq.gz,PN9_SID794.fastq.gz
C03.fastq.gz,PN9_SID795.fastq.gz
C04.fastq.gz,PN9_SID796.fastq.gz
C05.fastq.gz,PN9_SID797.fastq.gz
C06.fastq.gz,PN9_SID798.fastq.gz
C07.fastq.gz,PN9_SID799.fastq.gz
C08.fastq.gz,PN9_SID800.fastq.gz
C09.fastq.gz,PN9_SID801.fastq.gz
C10.fastq.gz,PN9_SID802.fastq.gz
C11.fastq.gz,PN9_SID803.fastq.gz
C12.fastq.gz,PN9_SID804.fastq.gz
D01.fastq.gz,PN9_SID805.fastq.gz
D02.fastq.gz,PN9_SID806.fastq.gz
D03.fastq.gz,PN9_SID807.fastq.gz
D04.fastq.gz,PN9_SID808.fastq.gz
D05.fastq.gz,PN9_SID809.fastq.gz
D06.fastq.gz,PN9_SID810.fastq.gz
D07.fastq.gz,PN9_SID811.fastq.gz
D08.fastq.gz,PN9_SID812.fastq.gz
D09.fastq.gz,PN9_SID813.fastq.gz
D10.fastq.gz,PN9_SID814.fastq.gz
D11.fastq.gz,PN9_SID815.fastq.gz
D12.fastq.gz,PN9_SID816.fastq.gz
E01.fastq.gz,PN9_SID817.fastq.gz
E02.fastq.gz,PN9_SID818.fastq.gz
E03.fastq.gz,PN9_SID819.fastq.gz
E04.fastq.gz,PN9_SID820.fastq.gz
E05.fastq.gz,PN9_SID821.fastq.gz
E06.fastq.gz,PN9_SID822.fastq.gz
E07.fastq.gz,PN9_SID823.fastq.gz
E08.fastq.gz,PN9_SID824.fastq.gz
E09.fastq.gz,PN9_SID825.fastq.gz
E10.fastq.gz,PN9_SID826.fastq.gz
E11.fastq.gz,PN9_SID827.fastq.gz
E12.fastq.gz,PN9_SID828.fastq.gz
F01.fastq.gz,PN9_SID829.fastq.gz
F02.fastq.gz,PN9_SID830.fastq.gz
F03.fastq.gz,PN9_SID831.fastq.gz
F04.fastq.gz,PN9_SID832.fastq.gz
F05.fastq.gz,PN9_SID833.fastq.gz
F06.fastq.gz,PN9_SID834.fastq.gz
F07.fastq.gz,PN9_SID835.fastq.gz
F08.fastq.gz,PN9_SID836.fastq.gz
F09.fastq.gz,PN9_SID837.fastq.gz
F10.fastq.gz,PN9_SID838.fastq.gz
F11.fastq.gz,PN9_SID839.fastq.gz
F12.fastq.gz,PN9_SID840.fastq.gz
G01.fastq.gz,PN9_SID841.fastq.gz
G02.fastq.gz,PN9_SID842.fastq.gz
G03.fastq.gz,PN9_SID843.fastq.gz
G04.fastq.gz,PN9_SID844.fastq.gz
G05.fastq.gz,PN9_SID845.fastq.gz
G06.fastq.gz,PN9_SID846.fastq.gz
G07.fastq.gz,PN9_SID847.fastq.gz
G08.fastq.gz,PN9_SID848.fastq.gz
G09.fastq.gz,PN9_SID849.fastq.gz
G10.fastq.gz,PN9_SID850.fastq.gz
G11.fastq.gz,PN9_SID851.fastq.gz
G12.fastq.gz,PN9_SID852.fastq.gz
H01.fastq.gz,PN9_SID853.fastq.gz
H02.fastq.gz,PN9_SID854.fastq.gz
H03.fastq.gz,PN9_SID855.fastq.gz
H04.fastq.gz,PN9_SID856.fastq.gz
H05.fastq.gz,PN9_SID857.fastq.gz
H06.fastq.gz,PN9_SID858.fastq.gz
H07.fastq.gz,PN9_SID859.fastq.gz
H08.fastq.gz,PN9_SID860.fastq.gz
H09.fastq.gz,PN9_SID861.fastq.gz
H10.fastq.gz,PN9_SID862.fastq.gz
H11.fastq.gz,PN9_SID863.fastq.gz
H12.fastq.gz,PN9_SID864.fastq.gz
A01.fastq.gz,PN10_SID865.fastq.gz
A02.fastq.gz,PN10_SID866.fastq.gz
A03.fastq.gz,PN10_SID867.fastq.gz
A04.fastq.gz,PN10_SID868.fastq.gz
A05.fastq.gz,PN10_SID869.fastq.gz
A06.fastq.gz,PN10_SID870.fastq.gz
A07.fastq.gz,PN10_SID871.fastq.gz
A08.fastq.gz,PN10_SID872.fastq.gz
A09.fastq.gz,PN10_SID873.fastq.gz
A10.fastq.gz,PN10_SID874.fastq.gz
A11.fastq.gz,PN10_SID875.fastq.gz
A12.fastq.gz,PN10_SID876.fastq.gz
B01.fastq.gz,PN10_SID877.fastq.gz
B02.fastq.gz,PN10_SID878.fastq.gz
B03.fastq.gz,PN10_SID879.fastq.gz
B04.fastq.gz,PN10_SID880.fastq.gz
B05.fastq.gz,PN10_SID881.fastq.gz
B06.fastq.gz,PN10_SID882.fastq.gz
B07.fastq.gz,PN10_SID883.fastq.gz
B08.fastq.gz,PN10_SID884.fastq.gz
B09.fastq.gz,PN10_SID885.fastq.gz
B10.fastq.gz,PN10_SID886.fastq.gz
B11.fastq.gz,PN10_SID887.fastq.gz
B12.fastq.gz,PN10_SID888.fastq.gz
C01.fastq.gz,PN10_SID889.fastq.gz
C02.fastq.gz,PN10_SID890.fastq.gz
C03.fastq.gz,PN10_SID891.fastq.gz
C04.fastq.gz,PN10_SID892.fastq.gz
C05.fastq.gz,PN10_SID893.fastq.gz
C06.fastq.gz,PN10_SID894.fastq.gz
C07.fastq.gz,PN10_SID895.fastq.gz
C08.fastq.gz,PN10_SID896.fastq.gz
C09.fastq.gz,PN10_SID897.fastq.gz
C10.fastq.gz,PN10_SID898.fastq.gz
C11.fastq.gz,PN10_SID899.fastq.gz
C12.fastq.gz,PN10_SID900.fastq.gz
D01.fastq.gz,PN10_SID901.fastq.gz
D02.fastq.gz,PN10_SID902.fastq.gz
D03.fastq.gz,PN10_SID903.fastq.gz
D04.fastq.gz,PN10_SID904.fastq.gz
D05.fastq.gz,PN10_SID905.fastq.gz
D06.fastq.gz,PN10_SID906.fastq.gz
D07.fastq.gz,PN10_SID907.fastq.gz
D08.fastq.gz,PN10_SID908.fastq.gz
D09.fastq.gz,PN10_SID909.fastq.gz
D10.fastq.gz,PN10_SID910.fastq.gz
D11.fastq.gz,PN10_SID911.fastq.gz
D12.fastq.gz,PN10_SID912.fastq.gz
E01.fastq.gz,PN10_SID913.fastq.gz
E02.fastq.gz,PN10_SID914.fastq.gz
E03.fastq.gz,PN10_SID915.fastq.gz
E04.fastq.gz,PN10_SID916.fastq.gz
E05.fastq.gz,PN10_SID917.fastq.gz
E06.fastq.gz,PN10_SID918.fastq.gz
E07.fastq.gz,PN10_SID919.fastq.gz
E08.fastq.gz,PN10_SID920.fastq.gz
E09.fastq.gz,PN10_SID921.fastq.gz
E10.fastq.gz,PN10_SID922.fastq.gz
E11.fastq.gz,PN10_SID923.fastq.gz
E12.fastq.gz,PN10_SID924.fastq.gz
F01.fastq.gz,PN10_SID925.fastq.gz
F02.fastq.gz,PN10_SID926.fastq.gz
F03.fastq.gz,PN10_SID927.fastq.gz
F04.fastq.gz,PN10_SID928.fastq.gz
F05.fastq.gz,PN10_SID929.fastq.gz
F06.fastq.gz,PN10_SID930.fastq.gz
F07.fastq.gz,PN10_SID931.fastq.gz
F08.fastq.gz,PN10_SID932.fastq.gz
F09.fastq.gz,PN10_SID933.fastq.gz
F10.fastq.gz,PN10_SID934.fastq.gz
F11.fastq.gz,PN10_SID935.fastq.gz
F12.fastq.gz,PN10_SID936.fastq.gz
G01.fastq.gz,PN10_SID937.fastq.gz
G02.fastq.gz,PN10_SID938.fastq.gz
G03.fastq.gz,PN10_SID939.fastq.gz
G04.fastq.gz,PN10_SID940.fastq.gz
G05.fastq.gz,PN10_SID941.fastq.gz
G06.fastq.gz,PN10_SID942.fastq.gz
G07.fastq.gz,PN10_SID943.fastq.gz
G08.fastq.gz,PN10_SID944.fastq.gz
G09.fastq.gz,PN10_SID945.fastq.gz
G10.fastq.gz,PN10_SID946.fastq.gz
G11.fastq.gz,PN10_SID947.fastq.gz
G12.fastq.gz,PN10_SID948.fastq.gz
H01.fastq.gz,PN10_SID949.fastq.gz
H02.fastq.gz,PN10_SID950.fastq.gz
H03.fastq.gz,PN10_SID951.fastq.gz
H04.fastq.gz,PN10_SID952.fastq.gz
H05.fastq.gz,PN10_SID953.fastq.gz
H06.fastq.gz,PN10_SID954.fastq.gz
H07.fastq.gz,PN10_SID955.fastq.gz
H08.fastq.gz,PN10_SID956.fastq.gz
H09.fastq.gz,PN10_SID957.fastq.gz
H10.fastq.gz,PN10_SID958.fastq.gz
H11.fastq.gz,PN10_SID959.fastq.gz
H12.fastq.gz,PN10_SID960.fastq.gz
A01.fastq.gz,PN11_SID961.fastq.gz
A02.fastq.gz,PN11_SID962.fastq.gz
A03.fastq.gz,PN11_SID963.fastq.gz
A04.fastq.gz,PN11_SID964.fastq.gz
A05.fastq.gz,PN11_SID965.fastq.gz
A06.fastq.gz,PN11_SID966.fastq.gz
A07.fastq.gz,PN11_SID967.fastq.gz
A08.fastq.gz,PN11_SID968.fastq.gz
A09.fastq.gz,PN11_SID969.fastq.gz
A10.fastq.gz,PN11_SID970.fastq.gz
A11.fastq.gz,PN11_SID971.fastq.gz
A12.fastq.gz,PN11_SID972.fastq.gz
B01.fastq.gz,PN11_SID973.fastq.gz
B02.fastq.gz,PN11_SID974.fastq.gz
B03.fastq.gz,PN11_SID975.fastq.gz
B04.fastq.gz,PN11_SID976.fastq.gz
B05.fastq.gz,PN11_SID977.fastq.gz
B06.fastq.gz,PN11_SID978.fastq.gz
B07.fastq.gz,PN11_SID979.fastq.gz
B08.fastq.gz,PN11_SID980.fastq.gz
B09.fastq.gz,PN11_SID981.fastq.gz
B10.fastq.gz,PN11_SID982.fastq.gz
B11.fastq.gz,PN11_SID983.fastq.gz
B12.fastq.gz,PN11_SID984.fastq.gz
C01.fastq.gz,PN11_SID985.fastq.gz
C02.fastq.gz,PN11_SID986.fastq.gz
C03.fastq.gz,PN11_SID987.fastq.gz
C04.fastq.gz,PN11_SID988.fastq.gz
C05.fastq.gz,PN11_SID989.fastq.gz
C06.fastq.gz,PN11_SID990.fastq.gz
C07.fastq.gz,PN11_SID991.fastq.gz
C08.fastq.gz,PN11_SID992.fastq.gz
C09.fastq.gz,PN11_SID993.fastq.gz
C10.fastq.gz,PN11_SID994.fastq.gz
C11.fastq.gz,PN11_SID995.fastq.gz
C12.fastq.gz,PN11_SID996.fastq.gz
D01.fastq.gz,PN11_SID997.fastq.gz
D02.fastq.gz,PN11_SID998.fastq.gz
D03.fastq.gz,PN11_SID999.fastq.gz
D04.fastq.gz,PN11_SID1000.fastq.gz
D05.fastq.gz,PN11_SID1001.fastq.gz
D06.fastq.gz,PN11_SID1002.fastq.gz
D07.fastq.gz,PN11_SID1003.fastq.gz
D08.fastq.gz,PN11_SID1004.fastq.gz
D09.fastq.gz,PN11_SID1005.fastq.gz
D10.fastq.gz,PN11_SID1006.fastq.gz
D11.fastq.gz,PN11_SID1007.fastq.gz
D12.fastq.gz,PN11_SID1008.fastq.gz
E01.fastq.gz,PN11_SID1009.fastq.gz
E02.fastq.gz,PN11_SID1010.fastq.gz
E03.fastq.gz,PN11_SID1011.fastq.gz
E04.fastq.gz,PN11_SID1012.fastq.gz
E05.fastq.gz,PN11_SID1013.fastq.gz
E06.fastq.gz,PN11_SID1014.fastq.gz
E07.fastq.gz,PN11_SID1015.fastq.gz
E08.fastq.gz,PN11_SID1016.fastq.gz
E09.fastq.gz,PN11_SID1017.fastq.gz
E10.fastq.gz,PN11_SID1018.fastq.gz
E11.fastq.gz,PN11_SID1019.fastq.gz
E12.fastq.gz,PN11_SID1020.fastq.gz
F01.fastq.gz,PN11_SID1021.fastq.gz
F02.fastq.gz,PN11_SID1022.fastq.gz
F03.fastq.gz,PN11_SID1023.fastq.gz
F04.fastq.gz,PN11_SID1024.fastq.gz
F05.fastq.gz,PN11_SID1025.fastq.gz
F06.fastq.gz,PN11_SID1026.fastq.gz
F07.fastq.gz,PN11_SID1027.fastq.gz
F08.fastq.gz,PN11_SID1028.fastq.gz
F09.fastq.gz,PN11_SID1029.fastq.gz
F10.fastq.gz,PN11_SID1030.fastq.gz
F11.fastq.gz,PN11_SID1031.fastq.gz
F12.fastq.gz,PN11_SID1032.fastq.gz
G01.fastq.gz,PN11_SID1033.fastq.gz
G02.fastq.gz,PN11_SID1034.fastq.gz
G03.fastq.gz,PN11_SID1035.fastq.gz
G04.fastq.gz,PN11_SID1036.fastq.gz
G05.fastq.gz,PN11_SID1037.fastq.gz
G06.fastq.gz,PN11_SID1038.fastq.gz
G07.fastq.gz,PN11_SID1039.fastq.gz
G08.fastq.gz,PN11_SID1040.fastq.gz
G09.fastq.gz,PN11_SID1041.fastq.gz
G10.fastq.gz,PN11_SID1042.fastq.gz
G11.fastq.gz,PN11_SID1043.fastq.gz
G12.fastq.gz,PN11_SID1044.fastq.gz
H01.fastq.gz,PN11_SID1045.fastq.gz
H02.fastq.gz,PN11_SID1046.fastq.gz
H03.fastq.gz,PN11_SID1047.fastq.gz
H04.fastq.gz,PN11_SID1048.fastq.gz
H05.fastq.gz,PN11_SID1049.fastq.gz
H06.fastq.gz,PN11_SID1050.fastq.gz
H07.fastq.gz,PN11_SID1051.fastq.gz
H08.fastq.gz,PN11_SID1052.fastq.gz
H09.fastq.gz,PN11_SID1053.fastq.gz
H10.fastq.gz,PN11_SID1054.fastq.gz
H11.fastq.gz,PN11_SID1055.fastq.gz
H12.fastq.gz,PN11_SID1056.fastq.gz
A01.fastq.gz,PN12_SID1057.fastq.gz
A02.fastq.gz,PN12_SID1058.fastq.gz
A03.fastq.gz,PN12_SID1059.fastq.gz
A04.fastq.gz,PN12_SID1060.fastq.gz
A05.fastq.gz,PN12_SID1061.fastq.gz
A06.fastq.gz,PN12_SID1062.fastq.gz
A07.fastq.gz,PN12_SID1063.fastq.gz
A08.fastq.gz,PN12_SID1064.fastq.gz
A09.fastq.gz,PN12_SID1065.fastq.gz
A10.fastq.gz,PN12_SID1066.fastq.gz
A11.fastq.gz,PN12_SID1067.fastq.gz
A12.fastq.gz,PN12_SID1068.fastq.gz
B01.fastq.gz,PN12_SID1069.fastq.gz
B02.fastq.gz,PN12_SID1070.fastq.gz
B03.fastq.gz,PN12_SID1071.fastq.gz
B04.fastq.gz,PN12_SID1072.fastq.gz
B05.fastq.gz,PN12_SID1073.fastq.gz
B06.fastq.gz,PN12_SID1074.fastq.gz
B07.fastq.gz,PN12_SID1075.fastq.gz
B08.fastq.gz,PN12_SID1076.fastq.gz
B09.fastq.gz,PN12_SID1077.fastq.gz
B10.fastq.gz,PN12_SID1078.fastq.gz
B11.fastq.gz,PN12_SID1079.fastq.gz
B12.fastq.gz,PN12_SID1080.fastq.gz
C01.fastq.gz,PN12_SID1081.fastq.gz
C02.fastq.gz,PN12_SID1082.fastq.gz
C03.fastq.gz,PN12_SID1083.fastq.gz
C04.fastq.gz,PN12_SID1084.fastq.gz
C05.fastq.gz,PN12_SID1085.fastq.gz
C06.fastq.gz,PN12_SID1086.fastq.gz
C07.fastq.gz,PN12_SID1087.fastq.gz
C08.fastq.gz,PN12_SID1088.fastq.gz
C09.fastq.gz,PN12_SID1089.fastq.gz
C10.fastq.gz,PN12_SID1090.fastq.gz
C11.fastq.gz,PN12_SID1091.fastq.gz
C12.fastq.gz,PN12_SID1092.fastq.gz
D01.fastq.gz,PN12_SID1093.fastq.gz
D02.fastq.gz,PN12_SID1094.fastq.gz
D03.fastq.gz,PN12_SID1095.fastq.gz
D04.fastq.gz,PN12_SID1096.fastq.gz
D05.fastq.gz,PN12_SID1097.fastq.gz
D06.fastq.gz,PN12_SID1098.fastq.gz
D07.fastq.gz,PN12_SID1099.fastq.gz
D08.fastq.gz,PN12_SID1100.fastq.gz
D09.fastq.gz,PN12_SID1101.fastq.gz
D10.fastq.gz,PN12_SID1102.fastq.gz
D11.fastq.gz,PN12_SID1103.fastq.gz
D12.fastq.gz,PN12_SID1104.fastq.gz
E01.fastq.gz,PN12_SID1105.fastq.gz
E02.fastq.gz,PN12_SID1106.fastq.gz
E03.fastq.gz,PN12_SID1107.fastq.gz
E04.fastq.gz,PN12_SID1108.fastq.gz
E05.fastq.gz,PN12_SID1109.fastq.gz
E06.fastq.gz,PN12_SID1110.fastq.gz
E07.fastq.gz,PN12_SID1111.fastq.gz
E08.fastq.gz,PN12_SID1112.fastq.gz
E09.fastq.gz,PN12_SID1113.fastq.gz
E10.fastq.gz,PN12_SID1114.fastq.gz
E11.fastq.gz,PN12_SID1115.fastq.gz
E12.fastq.gz,PN12_SID1116.fastq.gz
F01.fastq.gz,PN12_SID1117.fastq.gz
F02.fastq.gz,PN12_SID1118.fastq.gz
F03.fastq.gz,PN12_SID1119.fastq.gz
F04.fastq.gz,PN12_SID1120.fastq.gz
F05.fastq.gz,PN12_SID1121.fastq.gz
F06.fastq.gz,PN12_SID1122.fastq.gz
F07.fastq.gz,PN12_SID1123.fastq.gz
F08.fastq.gz,PN12_SID1124.fastq.gz
F09.fastq.gz,PN12_SID1125.fastq.gz
F10.fastq.gz,PN12_SID1126.fastq.gz
F11.fastq.gz,PN12_SID1127.fastq.gz
F12.fastq.gz,PN12_SID1128.fastq.gz
G01.fastq.gz,PN12_SID1129.fastq.gz
G02.fastq.gz,PN12_SID1130.fastq.gz
G03.fastq.gz,PN12_SID1131.fastq.gz
G04.fastq.gz,PN12_SID1132.fastq.gz
G05.fastq.gz,PN12_SID1133.fastq.gz
G06.fastq.gz,PN12_SID1134.fastq.gz
G07.fastq.gz,PN12_SID1135.fastq.gz
G08.fastq.gz,PN12_SID1136.fastq.gz
G09.fastq.gz,PN12_SID1137.fastq.gz
G10.fastq.gz,PN12_SID1138.fastq.gz
G11.fastq.gz,PN12_SID1139.fastq.gz
G12.fastq.gz,PN12_SID1140.fastq.gz
H01.fastq.gz,PN12_SID1141.fastq.gz
H02.fastq.gz,PN12_SID1142.fastq.gz
H03.fastq.gz,PN12_SID1143.fastq.gz
H04.fastq.gz,PN12_SID1144.fastq.gz
H05.fastq.gz,PN12_SID1145.fastq.gz
H06.fastq.gz,PN12_SID1146.fastq.gz
H07.fastq.gz,PN12_SID1147.fastq.gz
H08.fastq.gz,PN12_SID1148.fastq.gz
H09.fastq.gz,PN12_SID1149.fastq.gz
H10.fastq.gz,PN12_SID1150.fastq.gz
H11.fastq.gz,PN12_SID1151.fastq.gz
H12.fastq.gz,PN12_SID1152.fastq.gz
A01.fastq.gz,PN13_SID1153.fastq.gz
A02.fastq.gz,PN13_SID1154.fastq.gz
A03.fastq.gz,PN13_SID1155.fastq.gz
A04.fastq.gz,PN13_SID1156.fastq.gz
A05.fastq.gz,PN13_SID1157.fastq.gz
A06.fastq.gz,PN13_SID1158.fastq.gz
A07.fastq.gz,PN13_SID1159.fastq.gz
A08.fastq.gz,PN13_SID1160.fastq.gz
A09.fastq.gz,PN13_SID1161.fastq.gz
A10.fastq.gz,PN13_SID1162.fastq.gz
A11.fastq.gz,PN13_SID1163.fastq.gz
A12.fastq.gz,PN13_SID1164.fastq.gz
B01.fastq.gz,PN13_SID1165.fastq.gz
B02.fastq.gz,PN13_SID1166.fastq.gz
B03.fastq.gz,PN13_SID1167.fastq.gz
B04.fastq.gz,PN13_SID1168.fastq.gz
B05.fastq.gz,PN13_SID1169.fastq.gz
B06.fastq.gz,PN13_SID1170.fastq.gz
B07.fastq.gz,PN13_SID1171.fastq.gz
B08.fastq.gz,PN13_SID1172.fastq.gz
B09.fastq.gz,PN13_SID1173.fastq.gz
B10.fastq.gz,PN13_SID1174.fastq.gz
B11.fastq.gz,PN13_SID1175.fastq.gz
B12.fastq.gz,PN13_SID1176.fastq.gz
C01.fastq.gz,PN13_SID1177.fastq.gz
C02.fastq.gz,PN13_SID1178.fastq.gz
C03.fastq.gz,PN13_SID1179.fastq.gz
C04.fastq.gz,PN13_SID1180.fastq.gz
C05.fastq.gz,PN13_SID1181.fastq.gz
C06.fastq.gz,PN13_SID1182.fastq.gz
C07.fastq.gz,PN13_SID1183.fastq.gz
C08.fastq.gz,PN13_SID1184.fastq.gz
C09.fastq.gz,PN13_SID1185.fastq.gz
C10.fastq.gz,PN13_SID1186.fastq.gz
C11.fastq.gz,PN13_SID1187.fastq.gz
C12.fastq.gz,PN13_SID1188.fastq.gz
D01.fastq.gz,PN13_SID1189.fastq.gz
D02.fastq.gz,PN13_SID1190.fastq.gz
D03.fastq.gz,PN13_SID1191.fastq.gz
D04.fastq.gz,PN13_SID1192.fastq.gz
D05.fastq.gz,PN13_SID1193.fastq.gz
D06.fastq.gz,PN13_SID1194.fastq.gz
D07.fastq.gz,PN13_SID1195.fastq.gz
D08.fastq.gz,PN13_SID1196.fastq.gz
D09.fastq.gz,PN13_SID1197.fastq.gz
D10.fastq.gz,PN13_SID1198.fastq.gz
D11.fastq.gz,PN13_SID1199.fastq.gz
D12.fastq.gz,PN13_SID1200.fastq.gz
E01.fastq.gz,PN13_SID1201.fastq.gz
E02.fastq.gz,PN13_SID1202.fastq.gz
E03.fastq.gz,PN13_SID1203.fastq.gz
E04.fastq.gz,PN13_SID1204.fastq.gz
E05.fastq.gz,PN13_SID1205.fastq.gz
E06.fastq.gz,PN13_SID1206.fastq.gz
E07.fastq.gz,PN13_SID1207.fastq.gz
E08.fastq.gz,PN13_SID1208.fastq.gz
E09.fastq.gz,PN13_SID1209.fastq.gz
E10.fastq.gz,PN13_SID1210.fastq.gz
E11.fastq.gz,PN13_SID1211.fastq.gz
E12.fastq.gz,PN13_SID1212.fastq.gz
F01.fastq.gz,PN13_SID1213.fastq.gz
F02.fastq.gz,PN13_SID1214.fastq.gz
F03.fastq.gz,PN13_SID1215.fastq.gz
F04.fastq.gz,PN13_SID1216.fastq.gz
F05.fastq.gz,PN13_SID1217.fastq.gz
F06.fastq.gz,PN13_SID1218.fastq.gz
F07.fastq.gz,PN13_SID1219.fastq.gz
F08.fastq.gz,PN13_SID1220.fastq.gz
F09.fastq.gz,PN13_SID1221.fastq.gz
F10.fastq.gz,PN13_SID1222.fastq.gz
F11.fastq.gz,PN13_SID1223.fastq.gz
F12.fastq.gz,PN13_SID1224.fastq.gz
G01.fastq.gz,PN13_SID1225.fastq.gz
G02.fastq.gz,PN13_SID1226.fastq.gz
G03.fastq.gz,PN13_SID1227.fastq.gz
G04.fastq.gz,PN13_SID1228.fastq.gz
G05.fastq.gz,PN13_SID1229.fastq.gz
G06.fastq.gz,PN13_SID1230.fastq.gz
G07.fastq.gz,PN13_SID1231.fastq.gz
G08.fastq.gz,PN13_SID1232.fastq.gz
G09.fastq.gz,PN13_SID1233.fastq.gz
G10.fastq.gz,PN13_SID1234.fastq.gz
G11.fastq.gz,PN13_SID1235.fastq.gz
G12.fastq.gz,PN13_SID1236.fastq.gz
H01.fastq.gz,PN13_SID1237.fastq.gz
H02.fastq.gz,PN13_SID1238.fastq.gz
H03.fastq.gz,PN13_SID1239.fastq.gz
H04.fastq.gz,PN13_SID1240.fastq.gz
H05.fastq.gz,PN13_SID1241.fastq.gz
H06.fastq.gz,PN13_SID1242.fastq.gz
H07.fastq.gz,PN13_SID1243.fastq.gz
H08.fastq.gz,PN13_SID1244.fastq.gz
H09.fastq.gz,PN13_SID1245.fastq.gz
H10.fastq.gz,PN13_SID1246.fastq.gz
H11.fastq.gz,PN13_SID1247.fastq.gz
H12.fastq.gz,PN13_SID1248.fastq.gz
A01.fastq.gz,PN14_SID1249.fastq.gz
A02.fastq.gz,PN14_SID1250.fastq.gz
A03.fastq.gz,PN14_SID1251.fastq.gz
A04.fastq.gz,PN14_SID1252.fastq.gz
A05.fastq.gz,PN14_SID1253.fastq.gz
A06.fastq.gz,PN14_SID1254.fastq.gz
A07.fastq.gz,PN14_SID1255.fastq.gz
A08.fastq.gz,PN14_SID1256.fastq.gz
A09.fastq.gz,PN14_SID1257.fastq.gz
A10.fastq.gz,PN14_SID1258.fastq.gz
A11.fastq.gz,PN14_SID1259.fastq.gz
A12.fastq.gz,PN14_SID1260.fastq.gz
B01.fastq.gz,PN14_SID1261.fastq.gz
B02.fastq.gz,PN14_SID1262.fastq.gz
B03.fastq.gz,PN14_SID1263.fastq.gz
B04.fastq.gz,PN14_SID1264.fastq.gz
B05.fastq.gz,PN14_SID1265.fastq.gz
B06.fastq.gz,PN14_SID1266.fastq.gz
B07.fastq.gz,PN14_SID1267.fastq.gz
B08.fastq.gz,PN14_SID1268.fastq.gz
B09.fastq.gz,PN14_SID1269.fastq.gz
B10.fastq.gz,PN14_SID1270.fastq.gz
B11.fastq.gz,PN14_SID1271.fastq.gz
B12.fastq.gz,PN14_SID1272.fastq.gz
C01.fastq.gz,PN14_SID1273.fastq.gz
C02.fastq.gz,PN14_SID1274.fastq.gz
C03.fastq.gz,PN14_SID1275.fastq.gz
C04.fastq.gz,PN14_SID1276.fastq.gz
C05.fastq.gz,PN14_SID1277.fastq.gz
C06.fastq.gz,PN14_SID1278.fastq.gz
C07.fastq.gz,PN14_SID1279.fastq.gz
C08.fastq.gz,PN14_SID1280.fastq.gz
C09.fastq.gz,PN14_SID1281.fastq.gz
C10.fastq.gz,PN14_SID1282.fastq.gz
C11.fastq.gz,PN14_SID1283.fastq.gz
C12.fastq.gz,PN14_SID1284.fastq.gz
D01.fastq.gz,PN14_SID1285.fastq.gz
D02.fastq.gz,PN14_SID1286.fastq.gz
D03.fastq.gz,PN14_SID1287.fastq.gz
D04.fastq.gz,PN14_SID1288.fastq.gz
D05.fastq.gz,PN14_SID1289.fastq.gz
D06.fastq.gz,PN14_SID1290.fastq.gz
D07.fastq.gz,PN14_SID1291.fastq.gz
D08.fastq.gz,PN14_SID1292.fastq.gz
D09.fastq.gz,PN14_SID1293.fastq.gz
D10.fastq.gz,PN14_SID1294.fastq.gz
D11.fastq.gz,PN14_SID1295.fastq.gz
D12.fastq.gz,PN14_SID1296.fastq.gz
E01.fastq.gz,PN14_SID1297.fastq.gz
E02.fastq.gz,PN14_SID1298.fastq.gz
E03.fastq.gz,PN14_SID1299.fastq.gz
E04.fastq.gz,PN14_SID1300.fastq.gz
E05.fastq.gz,PN14_SID1301.fastq.gz
E06.fastq.gz,PN14_SID1302.fastq.gz
E07.fastq.gz,PN14_SID1303.fastq.gz
E08.fastq.gz,PN14_SID1304.fastq.gz
E09.fastq.gz,PN14_SID1305.fastq.gz
E10.fastq.gz,PN14_SID1306.fastq.gz
E11.fastq.gz,PN14_SID1307.fastq.gz
E12.fastq.gz,PN14_SID1308.fastq.gz
F01.fastq.gz,PN14_SID1309.fastq.gz
F02.fastq.gz,PN14_SID1310.fastq.gz
F03.fastq.gz,PN14_SID1311.fastq.gz
F04.fastq.gz,PN14_SID1312.fastq.gz
F05.fastq.gz,PN14_SID1313.fastq.gz
F06.fastq.gz,PN14_SID1314.fastq.gz
F07.fastq.gz,PN14_SID1315.fastq.gz
F08.fastq.gz,PN14_SID1316.fastq.gz
F09.fastq.gz,PN14_SID1317.fastq.gz
F10.fastq.gz,PN14_SID1318.fastq.gz
F11.fastq.gz,PN14_SID1319.fastq.gz
F12.fastq.gz,PN14_SID1320.fastq.gz
G01.fastq.gz,PN14_SID1321.fastq.gz
G02.fastq.gz,PN14_SID1322.fastq.gz
G03.fastq.gz,PN14_SID1323.fastq.gz
G04.fastq.gz,PN14_SID1324.fastq.gz
G05.fastq.gz,PN14_SID1325.fastq.gz
G06.fastq.gz,PN14_SID1326.fastq.gz
G07.fastq.gz,PN14_SID1327.fastq.gz
G08.fastq.gz,PN14_SID1328.fastq.gz
G09.fastq.gz,PN14_SID1329.fastq.gz
G10.fastq.gz,PN14_SID1330.fastq.gz
G11.fastq.gz,PN14_SID1331.fastq.gz
G12.fastq.gz,PN14_SID1332.fastq.gz
H01.fastq.gz,PN14_SID1333.fastq.gz
H02.fastq.gz,PN14_SID1334.fastq.gz
H03.fastq.gz,PN14_SID1335.fastq.gz
H04.fastq.gz,PN14_SID1336.fastq.gz
H05.fastq.gz,PN14_SID1337.fastq.gz
H06.fastq.gz,PN14_SID1338.fastq.gz
H07.fastq.gz,PN14_SID1339.fastq.gz
H08.fastq.gz,PN14_SID1340.fastq.gz
H09.fastq.gz,PN14_SID1341.fastq.gz
H10.fastq.gz,PN14_SID1342.fastq.gz
H11.fastq.gz,PN14_SID1343.fastq.gz
H12.fastq.gz,PN14_SID1344.fastq.gz
A01.fastq.gz,PN15_SID1345.fastq.gz
A02.fastq.gz,PN15_SID1346.fastq.gz
A03.fastq.gz,PN15_SID1347.fastq.gz
A04.fastq.gz,PN15_SID1348.fastq.gz
A05.fastq.gz,PN15_SID1349.fastq.gz
A06.fastq.gz,PN15_SID1350.fastq.gz
A07.fastq.gz,PN15_SID1351.fastq.gz
A08.fastq.gz,PN15_SID1352.fastq.gz
A09.fastq.gz,PN15_SID1353.fastq.gz
A10.fastq.gz,PN15_SID1354.fastq.gz
A11.fastq.gz,PN15_SID1355.fastq.gz
A12.fastq.gz,PN15_SID1356.fastq.gz
B01.fastq.gz,PN15_SID1357.fastq.gz
B02.fastq.gz,PN15_SID1358.fastq.gz
B03.fastq.gz,PN15_SID1359.fastq.gz
B04.fastq.gz,PN15_SID1360.fastq.gz
B05.fastq.gz,PN15_SID1361.fastq.gz
B06.fastq.gz,PN15_SID1362.fastq.gz
B07.fastq.gz,PN15_SID1363.fastq.gz
B08.fastq.gz,PN15_SID1364.fastq.gz
B09.fastq.gz,PN15_SID1365.fastq.gz
B10.fastq.gz,PN15_SID1366.fastq.gz
B11.fastq.gz,PN15_SID1367.fastq.gz
B12.fastq.gz,PN15_SID1368.fastq.gz
C01.fastq.gz,PN15_SID1369.fastq.gz
C02.fastq.gz,PN15_SID1370.fastq.gz
C03.fastq.gz,PN15_SID1371.fastq.gz
C04.fastq.gz,PN15_SID1372.fastq.gz
C05.fastq.gz,PN15_SID1373.fastq.gz
C06.fastq.gz,PN15_SID1374.fastq.gz
C07.fastq.gz,PN15_SID1375.fastq.gz
C08.fastq.gz,PN15_SID1376.fastq.gz
C09.fastq.gz,PN15_SID1377.fastq.gz
C10.fastq.gz,PN15_SID1378.fastq.gz
C11.fastq.gz,PN15_SID1379.fastq.gz
C12.fastq.gz,PN15_SID1380.fastq.gz
D01.fastq.gz,PN15_SID1381.fastq.gz
D02.fastq.gz,PN15_SID1382.fastq.gz
